USE RetailMartDB;
-- Customers
INSERT INTO rm.Customers (FirstName, LastName, Gender, Email, Phone, City, Country, JoinDate) VALUES (N'Tino', N'Chitsike', N'Male', N'tino.chitsike@example.com', N'+27 699 630 4963', N'Cape Town', N'South Africa', '2023-05-13');
INSERT INTO rm.Customers (FirstName, LastName, Gender, Email, Phone, City, Country, JoinDate) VALUES (N'Vincent', N'Kanengoni', N'Male', N'vincent.kanengoni@example.com', N'+27 664 782 4303', N'Bulawayo', N'Zimbabwe', '2024-01-10');
INSERT INTO rm.Customers (FirstName, LastName, Gender, Email, Phone, City, Country, JoinDate) VALUES (N'Nomsa', N'Dlamini', N'Male', N'nomsa.dlamini@example.com', N'+27 630 761 5288', N'Durban', N'South Africa', '2025-04-22');
INSERT INTO rm.Customers (FirstName, LastName, Gender, Email, Phone, City, Country, JoinDate) VALUES (N'Lerato', N'Moyo', N'Female', N'lerato.moyo@example.com', N'+27 637 920 5350', N'Johannesburg', N'South Africa', '2024-09-17');
INSERT INTO rm.Customers (FirstName, LastName, Gender, Email, Phone, City, Country, JoinDate) VALUES (N'Kuda', N'Khumalo', N'Male', N'kuda.khumalo@example.com', N'+27 637 497 1996', N'Johannesburg', N'South Africa', '2023-04-29');
INSERT INTO rm.Customers (FirstName, LastName, Gender, Email, Phone, City, Country, JoinDate) VALUES (N'Sipho', N'Maseko', N'Male', N'sipho.maseko@example.com', N'+27 640 984 5488', N'Windhoek', N'Namibia', '2025-06-27');
INSERT INTO rm.Customers (FirstName, LastName, Gender, Email, Phone, City, Country, JoinDate) VALUES (N'Aisha', N'Ndlovu', N'Male', N'aisha.ndlovu@example.com', N'+27 631 563 5966', N'Windhoek', N'Namibia', '2025-02-02');
INSERT INTO rm.Customers (FirstName, LastName, Gender, Email, Phone, City, Country, JoinDate) VALUES (N'Thandi', N'Mabena', N'Male', N'thandi.mabena@example.com', N'+27 640 427 9716', N'Walvis Bay', N'Namibia', '2023-12-24');
INSERT INTO rm.Customers (FirstName, LastName, Gender, Email, Phone, City, Country, JoinDate) VALUES (N'Jabu', N'Naidoo', N'Male', N'jabu.naidoo@example.com', N'+27 652 670 2653', N'Bulawayo', N'Zimbabwe', '2023-11-16');
INSERT INTO rm.Customers (FirstName, LastName, Gender, Email, Phone, City, Country, JoinDate) VALUES (N'Farai', N'Pretorius', N'Female', N'farai.pretorius@example.com', N'+27 637 400 2814', N'Durban', N'South Africa', '2024-11-07');
INSERT INTO rm.Customers (FirstName, LastName, Gender, Email, Phone, City, Country, JoinDate) VALUES (N'Zanele', N'Van Wyk', N'Male', N'zanele.vanwyk@example.com', N'+27 633 874 3056', N'Port Elizabeth', N'South Africa', '2024-01-27');
INSERT INTO rm.Customers (FirstName, LastName, Gender, Email, Phone, City, Country, JoinDate) VALUES (N'Tendai', N'Sibanda', N'Female', N'tendai.sibanda@example.com', N'+27 633 494 8156', N'Port Elizabeth', N'South Africa', '2023-05-14');
INSERT INTO rm.Customers (FirstName, LastName, Gender, Email, Phone, City, Country, JoinDate) VALUES (N'Rudo', N'Mkandla', N'Female', N'rudo.mkandla@example.com', N'+27 639 637 2469', N'Port Elizabeth', N'South Africa', '2024-03-29');
INSERT INTO rm.Customers (FirstName, LastName, Gender, Email, Phone, City, Country, JoinDate) VALUES (N'Blessing', N'Mhlanga', N'Female', N'blessing.mhlanga@example.com', N'+27 697 667 6252', N'Johannesburg', N'South Africa', '2024-04-18');
INSERT INTO rm.Customers (FirstName, LastName, Gender, Email, Phone, City, Country, JoinDate) VALUES (N'Naledi', N'Nkosi', N'Male', N'naledi.nkosi@example.com', N'+27 645 329 1102', N'Port Elizabeth', N'South Africa', '2024-10-11');
INSERT INTO rm.Customers (FirstName, LastName, Gender, Email, Phone, City, Country, JoinDate) VALUES (N'Pieter', N'Molefe', N'Male', N'pieter.molefe@example.com', N'+27 610 113 3779', N'Harare', N'Zimbabwe', '2024-02-27');
INSERT INTO rm.Customers (FirstName, LastName, Gender, Email, Phone, City, Country, JoinDate) VALUES (N'Nadia', N'Smith', N'Male', N'nadia.smith@example.com', N'+27 612 389 1393', N'Port Elizabeth', N'South Africa', '2023-10-05');
INSERT INTO rm.Customers (FirstName, LastName, Gender, Email, Phone, City, Country, JoinDate) VALUES (N'Kabelo', N'Govender', N'Male', N'kabelo.govender@example.com', N'+27 669 106 1631', N'Cape Town', N'South Africa', '2024-02-25');
INSERT INTO rm.Customers (FirstName, LastName, Gender, Email, Phone, City, Country, JoinDate) VALUES (N'Boitumelo', N'Peters', N'Male', N'boitumelo.peters@example.com', N'+27 625 833 9658', N'Bulawayo', N'Zimbabwe', '2024-06-16');
INSERT INTO rm.Customers (FirstName, LastName, Gender, Email, Phone, City, Country, JoinDate) VALUES (N'Ashley', N'van der Merwe', N'Male', N'ashley.vandermerwe@example.com', N'+27 679 683 9379', N'Johannesburg', N'South Africa', '2023-02-24');

-- Employees
INSERT INTO rm.Employees (FirstName, LastName, Region, HireDate) VALUES (N'Kuda', N'Maseko', N'Manicaland', '2022-10-01');
INSERT INTO rm.Employees (FirstName, LastName, Region, HireDate) VALUES (N'Farai', N'Khumalo', N'Manicaland', '2021-09-14');
INSERT INTO rm.Employees (FirstName, LastName, Region, HireDate) VALUES (N'Aisha', N'Nkosi', N'Manicaland', '2023-01-06');
INSERT INTO rm.Employees (FirstName, LastName, Region, HireDate) VALUES (N'Pieter', N'Molefe', N'Gauteng', '2024-05-06');
INSERT INTO rm.Employees (FirstName, LastName, Region, HireDate) VALUES (N'Rudo', N'Kanengoni', N'Khomas', '2023-10-22');
INSERT INTO rm.Employees (FirstName, LastName, Region, HireDate) VALUES (N'Kuda', N'Mkandla', N'Eastern Cape', '2022-10-30');
INSERT INTO rm.Employees (FirstName, LastName, Region, HireDate) VALUES (N'Farai', N'Peters', N'Gauteng', '2024-02-05');
INSERT INTO rm.Employees (FirstName, LastName, Region, HireDate) VALUES (N'Ashley', N'Dlamini', N'KwaZulu-Natal', '2025-02-14');
INSERT INTO rm.Employees (FirstName, LastName, Region, HireDate) VALUES (N'Kabelo', N'Pretorius', N'Khomas', '2024-10-26');
INSERT INTO rm.Employees (FirstName, LastName, Region, HireDate) VALUES (N'Aisha', N'Peters', N'KwaZulu-Natal', '2023-06-27');

-- Products
INSERT INTO rm.Products (ProductName, Category, UnitPrice, UnitCost) VALUES (N'Wireless Headphones', N'Electronics', 899.0, 520.0);
INSERT INTO rm.Products (ProductName, Category, UnitPrice, UnitCost) VALUES (N'USB-C Charger 30W', N'Electronics', 349.0, 120.0);
INSERT INTO rm.Products (ProductName, Category, UnitPrice, UnitCost) VALUES (N'Smart LED Bulb', N'Home', 199.0, 80.0);
INSERT INTO rm.Products (ProductName, Category, UnitPrice, UnitCost) VALUES (N'Non-Stick Pan 28cm', N'Home', 459.0, 260.0);
INSERT INTO rm.Products (ProductName, Category, UnitPrice, UnitCost) VALUES (N'Organic Rooibos Tea', N'Grocery', 79.0, 35.0);
INSERT INTO rm.Products (ProductName, Category, UnitPrice, UnitCost) VALUES (N'Premium Coffee Beans 1kg', N'Grocery', 289.0, 150.0);
INSERT INTO rm.Products (ProductName, Category, UnitPrice, UnitCost) VALUES (N'Bluetooth Speaker', N'Electronics', 699.0, 400.0);
INSERT INTO rm.Products (ProductName, Category, UnitPrice, UnitCost) VALUES (N'Memory Card 128GB', N'Electronics', 329.0, 210.0);
INSERT INTO rm.Products (ProductName, Category, UnitPrice, UnitCost) VALUES (N'Bamboo Cutting Board', N'Home', 239.0, 120.0);
INSERT INTO rm.Products (ProductName, Category, UnitPrice, UnitCost) VALUES (N'Stainless Water Bottle', N'Home', 189.0, 90.0);
INSERT INTO rm.Products (ProductName, Category, UnitPrice, UnitCost) VALUES (N'Dark Chocolate 80%', N'Grocery', 49.0, 22.0);
INSERT INTO rm.Products (ProductName, Category, UnitPrice, UnitCost) VALUES (N'Olive Oil 1L', N'Grocery', 199.0, 120.0);
INSERT INTO rm.Products (ProductName, Category, UnitPrice, UnitCost) VALUES (N'Desk Lamp', N'Home', 399.0, 200.0);
INSERT INTO rm.Products (ProductName, Category, UnitPrice, UnitCost) VALUES (N'Power Bank 20,000mAh', N'Electronics', 599.0, 350.0);
INSERT INTO rm.Products (ProductName, Category, UnitPrice, UnitCost) VALUES (N'Noise-Cancelling Earbuds', N'Electronics', 1299.0, 750.0);

-- Orders & OrderDetails
INSERT INTO rm.Orders (CustomerID, EmployeeID, OrderDate, City, Region) VALUES (13, 10, '2024-12-24 08:13:38', N'Walvis Bay', N'Erongo'); DECLARE @OrderID_1 INT = SCOPE_IDENTITY();
INSERT INTO rm.OrderDetails (OrderID, ProductID, Quantity, UnitPrice) VALUES (@OrderID_1, 13, 3, 399.0);
INSERT INTO rm.OrderDetails (OrderID, ProductID, Quantity, UnitPrice) VALUES (@OrderID_1, 3, 5, 199.0);
INSERT INTO rm.OrderDetails (OrderID, ProductID, Quantity, UnitPrice) VALUES (@OrderID_1, 4, 3, 459.0);
INSERT INTO rm.OrderDetails (OrderID, ProductID, Quantity, UnitPrice) VALUES (@OrderID_1, 3, 2, 199.0);
INSERT INTO rm.Orders (CustomerID, EmployeeID, OrderDate, City, Region) VALUES (4, 7, '2025-09-15 12:18:38', N'Bulawayo', N'Matabeleland'); DECLARE @OrderID_2 INT = SCOPE_IDENTITY();
INSERT INTO rm.OrderDetails (OrderID, ProductID, Quantity, UnitPrice) VALUES (@OrderID_2, 5, 2, 79.0);
INSERT INTO rm.OrderDetails (OrderID, ProductID, Quantity, UnitPrice) VALUES (@OrderID_2, 2, 3, 349.0);
INSERT INTO rm.OrderDetails (OrderID, ProductID, Quantity, UnitPrice) VALUES (@OrderID_2, 3, 1, 199.0);
INSERT INTO rm.Orders (CustomerID, EmployeeID, OrderDate, City, Region) VALUES (16, 4, '2025-08-09 10:41:38', N'Windhoek', N'Khomas'); DECLARE @OrderID_3 INT = SCOPE_IDENTITY();
INSERT INTO rm.OrderDetails (OrderID, ProductID, Quantity, UnitPrice) VALUES (@OrderID_3, 15, 5, 1299.0);
INSERT INTO rm.OrderDetails (OrderID, ProductID, Quantity, UnitPrice) VALUES (@OrderID_3, 7, 4, 699.0);
INSERT INTO rm.Orders (CustomerID, EmployeeID, OrderDate, City, Region) VALUES (15, 6, '2024-10-29 20:05:38', N'Windhoek', N'Khomas'); DECLARE @OrderID_4 INT = SCOPE_IDENTITY();
INSERT INTO rm.OrderDetails (OrderID, ProductID, Quantity, UnitPrice) VALUES (@OrderID_4, 13, 4, 399.0);
INSERT INTO rm.OrderDetails (OrderID, ProductID, Quantity, UnitPrice) VALUES (@OrderID_4, 2, 3, 349.0);
INSERT INTO rm.OrderDetails (OrderID, ProductID, Quantity, UnitPrice) VALUES (@OrderID_4, 8, 1, 329.0);
INSERT INTO rm.OrderDetails (OrderID, ProductID, Quantity, UnitPrice) VALUES (@OrderID_4, 11, 3, 49.0);
INSERT INTO rm.Orders (CustomerID, EmployeeID, OrderDate, City, Region) VALUES (1, 6, '2024-12-15 20:05:38', N'Pretoria', N'Gauteng'); DECLARE @OrderID_5 INT = SCOPE_IDENTITY();
INSERT INTO rm.OrderDetails (OrderID, ProductID, Quantity, UnitPrice) VALUES (@OrderID_5, 9, 4, 239.0);
INSERT INTO rm.Orders (CustomerID, EmployeeID, OrderDate, City, Region) VALUES (5, 8, '2025-01-20 21:21:38', N'Harare', N'Harare'); DECLARE @OrderID_6 INT = SCOPE_IDENTITY();
INSERT INTO rm.OrderDetails (OrderID, ProductID, Quantity, UnitPrice) VALUES (@OrderID_6, 4, 4, 459.0);
INSERT INTO rm.OrderDetails (OrderID, ProductID, Quantity, UnitPrice) VALUES (@OrderID_6, 1, 2, 899.0);
INSERT INTO rm.OrderDetails (OrderID, ProductID, Quantity, UnitPrice) VALUES (@OrderID_6, 9, 4, 239.0);
INSERT INTO rm.OrderDetails (OrderID, ProductID, Quantity, UnitPrice) VALUES (@OrderID_6, 11, 4, 49.0);
INSERT INTO rm.Orders (CustomerID, EmployeeID, OrderDate, City, Region) VALUES (12, 1, '2025-03-13 02:49:38', N'Windhoek', N'Khomas'); DECLARE @OrderID_7 INT = SCOPE_IDENTITY();
INSERT INTO rm.OrderDetails (OrderID, ProductID, Quantity, UnitPrice) VALUES (@OrderID_7, 10, 3, 189.0);
INSERT INTO rm.OrderDetails (OrderID, ProductID, Quantity, UnitPrice) VALUES (@OrderID_7, 3, 5, 199.0);
INSERT INTO rm.OrderDetails (OrderID, ProductID, Quantity, UnitPrice) VALUES (@OrderID_7, 12, 1, 199.0);
INSERT INTO rm.Orders (CustomerID, EmployeeID, OrderDate, City, Region) VALUES (19, 2, '2024-11-01 15:35:38', N'Bulawayo', N'Matabeleland'); DECLARE @OrderID_8 INT = SCOPE_IDENTITY();
INSERT INTO rm.OrderDetails (OrderID, ProductID, Quantity, UnitPrice) VALUES (@OrderID_8, 10, 2, 189.0);
INSERT INTO rm.OrderDetails (OrderID, ProductID, Quantity, UnitPrice) VALUES (@OrderID_8, 10, 1, 189.0);
INSERT INTO rm.Orders (CustomerID, EmployeeID, OrderDate, City, Region) VALUES (8, 6, '2025-03-27 12:43:38', N'Harare', N'Harare'); DECLARE @OrderID_9 INT = SCOPE_IDENTITY();
INSERT INTO rm.OrderDetails (OrderID, ProductID, Quantity, UnitPrice) VALUES (@OrderID_9, 14, 2, 599.0);
INSERT INTO rm.OrderDetails (OrderID, ProductID, Quantity, UnitPrice) VALUES (@OrderID_9, 4, 1, 459.0);
INSERT INTO rm.Orders (CustomerID, EmployeeID, OrderDate, City, Region) VALUES (17, 7, '2024-12-04 08:22:38', N'Bulawayo', N'Matabeleland'); DECLARE @OrderID_10 INT = SCOPE_IDENTITY();
INSERT INTO rm.OrderDetails (OrderID, ProductID, Quantity, UnitPrice) VALUES (@OrderID_10, 15, 5, 1299.0);
INSERT INTO rm.Orders (CustomerID, EmployeeID, OrderDate, City, Region) VALUES (12, 5, '2025-08-13 06:17:38', N'Windhoek', N'Khomas'); DECLARE @OrderID_11 INT = SCOPE_IDENTITY();
INSERT INTO rm.OrderDetails (OrderID, ProductID, Quantity, UnitPrice) VALUES (@OrderID_11, 3, 2, 199.0);
INSERT INTO rm.OrderDetails (OrderID, ProductID, Quantity, UnitPrice) VALUES (@OrderID_11, 13, 3, 399.0);
INSERT INTO rm.OrderDetails (OrderID, ProductID, Quantity, UnitPrice) VALUES (@OrderID_11, 4, 2, 459.0);
INSERT INTO rm.OrderDetails (OrderID, ProductID, Quantity, UnitPrice) VALUES (@OrderID_11, 11, 3, 49.0);
INSERT INTO rm.Orders (CustomerID, EmployeeID, OrderDate, City, Region) VALUES (2, 9, '2025-10-10 03:50:38', N'Mutare', N'Manicaland'); DECLARE @OrderID_12 INT = SCOPE_IDENTITY();
INSERT INTO rm.OrderDetails (OrderID, ProductID, Quantity, UnitPrice) VALUES (@OrderID_12, 9, 2, 239.0);
INSERT INTO rm.Orders (CustomerID, EmployeeID, OrderDate, City, Region) VALUES (16, 6, '2024-12-30 17:59:38', N'Cape Town', N'Western Cape'); DECLARE @OrderID_13 INT = SCOPE_IDENTITY();
INSERT INTO rm.OrderDetails (OrderID, ProductID, Quantity, UnitPrice) VALUES (@OrderID_13, 9, 3, 239.0);
INSERT INTO rm.OrderDetails (OrderID, ProductID, Quantity, UnitPrice) VALUES (@OrderID_13, 4, 3, 459.0);
INSERT INTO rm.OrderDetails (OrderID, ProductID, Quantity, UnitPrice) VALUES (@OrderID_13, 7, 3, 699.0);
INSERT INTO rm.OrderDetails (OrderID, ProductID, Quantity, UnitPrice) VALUES (@OrderID_13, 15, 4, 1299.0);
INSERT INTO rm.Orders (CustomerID, EmployeeID, OrderDate, City, Region) VALUES (2, 6, '2025-04-28 23:29:38', N'Walvis Bay', N'Erongo'); DECLARE @OrderID_14 INT = SCOPE_IDENTITY();
INSERT INTO rm.OrderDetails (OrderID, ProductID, Quantity, UnitPrice) VALUES (@OrderID_14, 2, 2, 349.0);
INSERT INTO rm.OrderDetails (OrderID, ProductID, Quantity, UnitPrice) VALUES (@OrderID_14, 11, 3, 49.0);
INSERT INTO rm.Orders (CustomerID, EmployeeID, OrderDate, City, Region) VALUES (20, 7, '2024-12-22 02:43:38', N'Bulawayo', N'Matabeleland'); DECLARE @OrderID_15 INT = SCOPE_IDENTITY();
INSERT INTO rm.OrderDetails (OrderID, ProductID, Quantity, UnitPrice) VALUES (@OrderID_15, 7, 3, 699.0);
INSERT INTO rm.OrderDetails (OrderID, ProductID, Quantity, UnitPrice) VALUES (@OrderID_15, 5, 5, 79.0);
INSERT INTO rm.OrderDetails (OrderID, ProductID, Quantity, UnitPrice) VALUES (@OrderID_15, 14, 3, 599.0);
INSERT INTO rm.OrderDetails (OrderID, ProductID, Quantity, UnitPrice) VALUES (@OrderID_15, 8, 3, 329.0);
INSERT INTO rm.Orders (CustomerID, EmployeeID, OrderDate, City, Region) VALUES (20, 7, '2024-11-14 10:36:38', N'Harare', N'Harare'); DECLARE @OrderID_16 INT = SCOPE_IDENTITY();
INSERT INTO rm.OrderDetails (OrderID, ProductID, Quantity, UnitPrice) VALUES (@OrderID_16, 4, 2, 459.0);
INSERT INTO rm.Orders (CustomerID, EmployeeID, OrderDate, City, Region) VALUES (6, 3, '2025-02-03 13:21:38', N'Durban', N'KwaZulu-Natal'); DECLARE @OrderID_17 INT = SCOPE_IDENTITY();
INSERT INTO rm.OrderDetails (OrderID, ProductID, Quantity, UnitPrice) VALUES (@OrderID_17, 11, 2, 49.0);
INSERT INTO rm.Orders (CustomerID, EmployeeID, OrderDate, City, Region) VALUES (20, 6, '2025-07-16 21:49:38', N'Cape Town', N'Western Cape'); DECLARE @OrderID_18 INT = SCOPE_IDENTITY();
INSERT INTO rm.OrderDetails (OrderID, ProductID, Quantity, UnitPrice) VALUES (@OrderID_18, 9, 4, 239.0);
INSERT INTO rm.OrderDetails (OrderID, ProductID, Quantity, UnitPrice) VALUES (@OrderID_18, 15, 2, 1299.0);
INSERT INTO rm.OrderDetails (OrderID, ProductID, Quantity, UnitPrice) VALUES (@OrderID_18, 13, 5, 399.0);
INSERT INTO rm.OrderDetails (OrderID, ProductID, Quantity, UnitPrice) VALUES (@OrderID_18, 3, 2, 199.0);
INSERT INTO rm.Orders (CustomerID, EmployeeID, OrderDate, City, Region) VALUES (20, 7, '2024-11-24 08:25:38', N'Cape Town', N'Western Cape'); DECLARE @OrderID_19 INT = SCOPE_IDENTITY();
INSERT INTO rm.OrderDetails (OrderID, ProductID, Quantity, UnitPrice) VALUES (@OrderID_19, 8, 1, 329.0);
INSERT INTO rm.OrderDetails (OrderID, ProductID, Quantity, UnitPrice) VALUES (@OrderID_19, 13, 2, 399.0);
INSERT INTO rm.OrderDetails (OrderID, ProductID, Quantity, UnitPrice) VALUES (@OrderID_19, 5, 2, 79.0);
INSERT INTO rm.Orders (CustomerID, EmployeeID, OrderDate, City, Region) VALUES (5, 10, '2025-07-06 14:03:38', N'Walvis Bay', N'Erongo'); DECLARE @OrderID_20 INT = SCOPE_IDENTITY();
INSERT INTO rm.OrderDetails (OrderID, ProductID, Quantity, UnitPrice) VALUES (@OrderID_20, 3, 3, 199.0);
INSERT INTO rm.Orders (CustomerID, EmployeeID, OrderDate, City, Region) VALUES (13, 6, '2025-05-27 22:26:38', N'Johannesburg', N'Gauteng'); DECLARE @OrderID_21 INT = SCOPE_IDENTITY();
INSERT INTO rm.OrderDetails (OrderID, ProductID, Quantity, UnitPrice) VALUES (@OrderID_21, 7, 5, 699.0);
INSERT INTO rm.OrderDetails (OrderID, ProductID, Quantity, UnitPrice) VALUES (@OrderID_21, 6, 1, 289.0);
INSERT INTO rm.OrderDetails (OrderID, ProductID, Quantity, UnitPrice) VALUES (@OrderID_21, 9, 4, 239.0);
INSERT INTO rm.OrderDetails (OrderID, ProductID, Quantity, UnitPrice) VALUES (@OrderID_21, 7, 1, 699.0);
INSERT INTO rm.Orders (CustomerID, EmployeeID, OrderDate, City, Region) VALUES (3, 3, '2025-05-25 23:16:38', N'Johannesburg', N'Gauteng'); DECLARE @OrderID_22 INT = SCOPE_IDENTITY();
INSERT INTO rm.OrderDetails (OrderID, ProductID, Quantity, UnitPrice) VALUES (@OrderID_22, 5, 2, 79.0);
INSERT INTO rm.OrderDetails (OrderID, ProductID, Quantity, UnitPrice) VALUES (@OrderID_22, 7, 2, 699.0);
INSERT INTO rm.OrderDetails (OrderID, ProductID, Quantity, UnitPrice) VALUES (@OrderID_22, 6, 3, 289.0);
INSERT INTO rm.Orders (CustomerID, EmployeeID, OrderDate, City, Region) VALUES (16, 8, '2025-06-15 17:37:38', N'Walvis Bay', N'Erongo'); DECLARE @OrderID_23 INT = SCOPE_IDENTITY();
INSERT INTO rm.OrderDetails (OrderID, ProductID, Quantity, UnitPrice) VALUES (@OrderID_23, 8, 4, 329.0);
INSERT INTO rm.OrderDetails (OrderID, ProductID, Quantity, UnitPrice) VALUES (@OrderID_23, 6, 4, 289.0);
INSERT INTO rm.Orders (CustomerID, EmployeeID, OrderDate, City, Region) VALUES (4, 6, '2025-10-13 08:19:38', N'Mutare', N'Manicaland'); DECLARE @OrderID_24 INT = SCOPE_IDENTITY();
INSERT INTO rm.OrderDetails (OrderID, ProductID, Quantity, UnitPrice) VALUES (@OrderID_24, 14, 3, 599.0);
INSERT INTO rm.OrderDetails (OrderID, ProductID, Quantity, UnitPrice) VALUES (@OrderID_24, 9, 3, 239.0);
INSERT INTO rm.OrderDetails (OrderID, ProductID, Quantity, UnitPrice) VALUES (@OrderID_24, 5, 4, 79.0);
INSERT INTO rm.Orders (CustomerID, EmployeeID, OrderDate, City, Region) VALUES (18, 9, '2025-07-04 02:55:38', N'Bulawayo', N'Matabeleland'); DECLARE @OrderID_25 INT = SCOPE_IDENTITY();
INSERT INTO rm.OrderDetails (OrderID, ProductID, Quantity, UnitPrice) VALUES (@OrderID_25, 11, 2, 49.0);
INSERT INTO rm.OrderDetails (OrderID, ProductID, Quantity, UnitPrice) VALUES (@OrderID_25, 13, 1, 399.0);
INSERT INTO rm.Orders (CustomerID, EmployeeID, OrderDate, City, Region) VALUES (18, 3, '2025-04-19 19:24:38', N'Pretoria', N'Gauteng'); DECLARE @OrderID_26 INT = SCOPE_IDENTITY();
INSERT INTO rm.OrderDetails (OrderID, ProductID, Quantity, UnitPrice) VALUES (@OrderID_26, 12, 3, 199.0);
INSERT INTO rm.OrderDetails (OrderID, ProductID, Quantity, UnitPrice) VALUES (@OrderID_26, 10, 5, 189.0);
INSERT INTO rm.OrderDetails (OrderID, ProductID, Quantity, UnitPrice) VALUES (@OrderID_26, 2, 1, 349.0);
INSERT INTO rm.OrderDetails (OrderID, ProductID, Quantity, UnitPrice) VALUES (@OrderID_26, 12, 3, 199.0);
INSERT INTO rm.Orders (CustomerID, EmployeeID, OrderDate, City, Region) VALUES (6, 1, '2025-08-13 19:22:38', N'Harare', N'Harare'); DECLARE @OrderID_27 INT = SCOPE_IDENTITY();
INSERT INTO rm.OrderDetails (OrderID, ProductID, Quantity, UnitPrice) VALUES (@OrderID_27, 8, 4, 329.0);
INSERT INTO rm.OrderDetails (OrderID, ProductID, Quantity, UnitPrice) VALUES (@OrderID_27, 1, 3, 899.0);
INSERT INTO rm.OrderDetails (OrderID, ProductID, Quantity, UnitPrice) VALUES (@OrderID_27, 1, 2, 899.0);
INSERT INTO rm.OrderDetails (OrderID, ProductID, Quantity, UnitPrice) VALUES (@OrderID_27, 13, 2, 399.0);
INSERT INTO rm.Orders (CustomerID, EmployeeID, OrderDate, City, Region) VALUES (2, 7, '2025-01-17 23:34:38', N'Port Elizabeth', N'Eastern Cape'); DECLARE @OrderID_28 INT = SCOPE_IDENTITY();
INSERT INTO rm.OrderDetails (OrderID, ProductID, Quantity, UnitPrice) VALUES (@OrderID_28, 14, 5, 599.0);
INSERT INTO rm.OrderDetails (OrderID, ProductID, Quantity, UnitPrice) VALUES (@OrderID_28, 10, 1, 189.0);
INSERT INTO rm.OrderDetails (OrderID, ProductID, Quantity, UnitPrice) VALUES (@OrderID_28, 11, 5, 49.0);
INSERT INTO rm.OrderDetails (OrderID, ProductID, Quantity, UnitPrice) VALUES (@OrderID_28, 4, 5, 459.0);
INSERT INTO rm.Orders (CustomerID, EmployeeID, OrderDate, City, Region) VALUES (20, 9, '2024-11-07 21:10:38', N'Harare', N'Harare'); DECLARE @OrderID_29 INT = SCOPE_IDENTITY();
INSERT INTO rm.OrderDetails (OrderID, ProductID, Quantity, UnitPrice) VALUES (@OrderID_29, 6, 1, 289.0);
INSERT INTO rm.OrderDetails (OrderID, ProductID, Quantity, UnitPrice) VALUES (@OrderID_29, 2, 2, 349.0);
INSERT INTO rm.Orders (CustomerID, EmployeeID, OrderDate, City, Region) VALUES (8, 2, '2025-07-28 17:53:38', N'Durban', N'KwaZulu-Natal'); DECLARE @OrderID_30 INT = SCOPE_IDENTITY();
INSERT INTO rm.OrderDetails (OrderID, ProductID, Quantity, UnitPrice) VALUES (@OrderID_30, 8, 5, 329.0);
INSERT INTO rm.OrderDetails (OrderID, ProductID, Quantity, UnitPrice) VALUES (@OrderID_30, 10, 5, 189.0);
INSERT INTO rm.OrderDetails (OrderID, ProductID, Quantity, UnitPrice) VALUES (@OrderID_30, 15, 2, 1299.0);
INSERT INTO rm.Orders (CustomerID, EmployeeID, OrderDate, City, Region) VALUES (8, 9, '2025-05-29 20:23:38', N'Cape Town', N'Western Cape'); DECLARE @OrderID_31 INT = SCOPE_IDENTITY();
INSERT INTO rm.OrderDetails (OrderID, ProductID, Quantity, UnitPrice) VALUES (@OrderID_31, 6, 2, 289.0);
INSERT INTO rm.OrderDetails (OrderID, ProductID, Quantity, UnitPrice) VALUES (@OrderID_31, 12, 3, 199.0);
INSERT INTO rm.Orders (CustomerID, EmployeeID, OrderDate, City, Region) VALUES (11, 1, '2025-02-08 05:38:38', N'Windhoek', N'Khomas'); DECLARE @OrderID_32 INT = SCOPE_IDENTITY();
INSERT INTO rm.OrderDetails (OrderID, ProductID, Quantity, UnitPrice) VALUES (@OrderID_32, 11, 1, 49.0);
INSERT INTO rm.OrderDetails (OrderID, ProductID, Quantity, UnitPrice) VALUES (@OrderID_32, 7, 4, 699.0);
INSERT INTO rm.OrderDetails (OrderID, ProductID, Quantity, UnitPrice) VALUES (@OrderID_32, 11, 3, 49.0);
INSERT INTO rm.Orders (CustomerID, EmployeeID, OrderDate, City, Region) VALUES (12, 4, '2025-07-29 08:26:38', N'Mutare', N'Manicaland'); DECLARE @OrderID_33 INT = SCOPE_IDENTITY();
INSERT INTO rm.OrderDetails (OrderID, ProductID, Quantity, UnitPrice) VALUES (@OrderID_33, 7, 1, 699.0);
INSERT INTO rm.OrderDetails (OrderID, ProductID, Quantity, UnitPrice) VALUES (@OrderID_33, 7, 4, 699.0);
INSERT INTO rm.Orders (CustomerID, EmployeeID, OrderDate, City, Region) VALUES (6, 4, '2025-03-11 17:36:38', N'Cape Town', N'Western Cape'); DECLARE @OrderID_34 INT = SCOPE_IDENTITY();
INSERT INTO rm.OrderDetails (OrderID, ProductID, Quantity, UnitPrice) VALUES (@OrderID_34, 2, 1, 349.0);
INSERT INTO rm.Orders (CustomerID, EmployeeID, OrderDate, City, Region) VALUES (2, 1, '2025-04-24 10:54:38', N'Harare', N'Harare'); DECLARE @OrderID_35 INT = SCOPE_IDENTITY();
INSERT INTO rm.OrderDetails (OrderID, ProductID, Quantity, UnitPrice) VALUES (@OrderID_35, 8, 3, 329.0);
INSERT INTO rm.OrderDetails (OrderID, ProductID, Quantity, UnitPrice) VALUES (@OrderID_35, 6, 3, 289.0);
INSERT INTO rm.Orders (CustomerID, EmployeeID, OrderDate, City, Region) VALUES (13, 2, '2025-04-01 07:51:38', N'Johannesburg', N'Gauteng'); DECLARE @OrderID_36 INT = SCOPE_IDENTITY();
INSERT INTO rm.OrderDetails (OrderID, ProductID, Quantity, UnitPrice) VALUES (@OrderID_36, 7, 2, 699.0);
INSERT INTO rm.OrderDetails (OrderID, ProductID, Quantity, UnitPrice) VALUES (@OrderID_36, 9, 2, 239.0);
INSERT INTO rm.Orders (CustomerID, EmployeeID, OrderDate, City, Region) VALUES (11, 8, '2025-04-13 14:02:38', N'Walvis Bay', N'Erongo'); DECLARE @OrderID_37 INT = SCOPE_IDENTITY();
INSERT INTO rm.OrderDetails (OrderID, ProductID, Quantity, UnitPrice) VALUES (@OrderID_37, 5, 5, 79.0);
INSERT INTO rm.OrderDetails (OrderID, ProductID, Quantity, UnitPrice) VALUES (@OrderID_37, 3, 4, 199.0);
INSERT INTO rm.Orders (CustomerID, EmployeeID, OrderDate, City, Region) VALUES (18, 10, '2024-10-21 03:24:38', N'Mutare', N'Manicaland'); DECLARE @OrderID_38 INT = SCOPE_IDENTITY();
INSERT INTO rm.OrderDetails (OrderID, ProductID, Quantity, UnitPrice) VALUES (@OrderID_38, 2, 4, 349.0);
INSERT INTO rm.OrderDetails (OrderID, ProductID, Quantity, UnitPrice) VALUES (@OrderID_38, 9, 4, 239.0);
INSERT INTO rm.OrderDetails (OrderID, ProductID, Quantity, UnitPrice) VALUES (@OrderID_38, 1, 2, 899.0);
INSERT INTO rm.OrderDetails (OrderID, ProductID, Quantity, UnitPrice) VALUES (@OrderID_38, 13, 3, 399.0);
INSERT INTO rm.Orders (CustomerID, EmployeeID, OrderDate, City, Region) VALUES (5, 2, '2025-02-08 09:56:38', N'Mutare', N'Manicaland'); DECLARE @OrderID_39 INT = SCOPE_IDENTITY();
INSERT INTO rm.OrderDetails (OrderID, ProductID, Quantity, UnitPrice) VALUES (@OrderID_39, 9, 4, 239.0);
INSERT INTO rm.OrderDetails (OrderID, ProductID, Quantity, UnitPrice) VALUES (@OrderID_39, 6, 1, 289.0);
INSERT INTO rm.Orders (CustomerID, EmployeeID, OrderDate, City, Region) VALUES (14, 8, '2025-05-07 00:28:38', N'Harare', N'Harare'); DECLARE @OrderID_40 INT = SCOPE_IDENTITY();
INSERT INTO rm.OrderDetails (OrderID, ProductID, Quantity, UnitPrice) VALUES (@OrderID_40, 4, 1, 459.0);
INSERT INTO rm.Orders (CustomerID, EmployeeID, OrderDate, City, Region) VALUES (3, 4, '2025-10-05 16:02:38', N'Cape Town', N'Western Cape'); DECLARE @OrderID_41 INT = SCOPE_IDENTITY();
INSERT INTO rm.OrderDetails (OrderID, ProductID, Quantity, UnitPrice) VALUES (@OrderID_41, 10, 2, 189.0);
INSERT INTO rm.OrderDetails (OrderID, ProductID, Quantity, UnitPrice) VALUES (@OrderID_41, 7, 4, 699.0);
INSERT INTO rm.OrderDetails (OrderID, ProductID, Quantity, UnitPrice) VALUES (@OrderID_41, 4, 1, 459.0);
INSERT INTO rm.Orders (CustomerID, EmployeeID, OrderDate, City, Region) VALUES (20, 4, '2025-01-19 12:18:38', N'Johannesburg', N'Gauteng'); DECLARE @OrderID_42 INT = SCOPE_IDENTITY();
INSERT INTO rm.OrderDetails (OrderID, ProductID, Quantity, UnitPrice) VALUES (@OrderID_42, 1, 3, 899.0);
INSERT INTO rm.OrderDetails (OrderID, ProductID, Quantity, UnitPrice) VALUES (@OrderID_42, 3, 2, 199.0);
INSERT INTO rm.Orders (CustomerID, EmployeeID, OrderDate, City, Region) VALUES (11, 5, '2025-02-11 09:49:38', N'Cape Town', N'Western Cape'); DECLARE @OrderID_43 INT = SCOPE_IDENTITY();
INSERT INTO rm.OrderDetails (OrderID, ProductID, Quantity, UnitPrice) VALUES (@OrderID_43, 9, 1, 239.0);
INSERT INTO rm.OrderDetails (OrderID, ProductID, Quantity, UnitPrice) VALUES (@OrderID_43, 15, 2, 1299.0);
INSERT INTO rm.Orders (CustomerID, EmployeeID, OrderDate, City, Region) VALUES (3, 9, '2025-07-13 13:41:38', N'Durban', N'KwaZulu-Natal'); DECLARE @OrderID_44 INT = SCOPE_IDENTITY();
INSERT INTO rm.OrderDetails (OrderID, ProductID, Quantity, UnitPrice) VALUES (@OrderID_44, 10, 2, 189.0);
INSERT INTO rm.OrderDetails (OrderID, ProductID, Quantity, UnitPrice) VALUES (@OrderID_44, 11, 4, 49.0);
INSERT INTO rm.Orders (CustomerID, EmployeeID, OrderDate, City, Region) VALUES (20, 10, '2024-11-22 13:39:38', N'Cape Town', N'Western Cape'); DECLARE @OrderID_45 INT = SCOPE_IDENTITY();
INSERT INTO rm.OrderDetails (OrderID, ProductID, Quantity, UnitPrice) VALUES (@OrderID_45, 10, 4, 189.0);
INSERT INTO rm.OrderDetails (OrderID, ProductID, Quantity, UnitPrice) VALUES (@OrderID_45, 1, 1, 899.0);
INSERT INTO rm.Orders (CustomerID, EmployeeID, OrderDate, City, Region) VALUES (13, 8, '2025-07-29 07:24:38', N'Durban', N'KwaZulu-Natal'); DECLARE @OrderID_46 INT = SCOPE_IDENTITY();
INSERT INTO rm.OrderDetails (OrderID, ProductID, Quantity, UnitPrice) VALUES (@OrderID_46, 10, 2, 189.0);
INSERT INTO rm.OrderDetails (OrderID, ProductID, Quantity, UnitPrice) VALUES (@OrderID_46, 9, 3, 239.0);
INSERT INTO rm.Orders (CustomerID, EmployeeID, OrderDate, City, Region) VALUES (20, 5, '2025-06-28 21:39:38', N'Mutare', N'Manicaland'); DECLARE @OrderID_47 INT = SCOPE_IDENTITY();
INSERT INTO rm.OrderDetails (OrderID, ProductID, Quantity, UnitPrice) VALUES (@OrderID_47, 14, 5, 599.0);
INSERT INTO rm.Orders (CustomerID, EmployeeID, OrderDate, City, Region) VALUES (16, 6, '2024-11-02 12:23:38', N'Pretoria', N'Gauteng'); DECLARE @OrderID_48 INT = SCOPE_IDENTITY();
INSERT INTO rm.OrderDetails (OrderID, ProductID, Quantity, UnitPrice) VALUES (@OrderID_48, 9, 1, 239.0);
INSERT INTO rm.OrderDetails (OrderID, ProductID, Quantity, UnitPrice) VALUES (@OrderID_48, 6, 4, 289.0);
INSERT INTO rm.OrderDetails (OrderID, ProductID, Quantity, UnitPrice) VALUES (@OrderID_48, 9, 2, 239.0);
INSERT INTO rm.OrderDetails (OrderID, ProductID, Quantity, UnitPrice) VALUES (@OrderID_48, 11, 3, 49.0);
INSERT INTO rm.Orders (CustomerID, EmployeeID, OrderDate, City, Region) VALUES (4, 7, '2024-10-25 15:01:38', N'Mutare', N'Manicaland'); DECLARE @OrderID_49 INT = SCOPE_IDENTITY();
INSERT INTO rm.OrderDetails (OrderID, ProductID, Quantity, UnitPrice) VALUES (@OrderID_49, 2, 2, 349.0);
INSERT INTO rm.OrderDetails (OrderID, ProductID, Quantity, UnitPrice) VALUES (@OrderID_49, 1, 2, 899.0);
INSERT INTO rm.OrderDetails (OrderID, ProductID, Quantity, UnitPrice) VALUES (@OrderID_49, 13, 5, 399.0);
INSERT INTO rm.Orders (CustomerID, EmployeeID, OrderDate, City, Region) VALUES (14, 10, '2025-07-03 11:25:38', N'Windhoek', N'Khomas'); DECLARE @OrderID_50 INT = SCOPE_IDENTITY();
INSERT INTO rm.OrderDetails (OrderID, ProductID, Quantity, UnitPrice) VALUES (@OrderID_50, 3, 1, 199.0);
INSERT INTO rm.OrderDetails (OrderID, ProductID, Quantity, UnitPrice) VALUES (@OrderID_50, 3, 1, 199.0);
INSERT INTO rm.OrderDetails (OrderID, ProductID, Quantity, UnitPrice) VALUES (@OrderID_50, 7, 5, 699.0);
INSERT INTO rm.OrderDetails (OrderID, ProductID, Quantity, UnitPrice) VALUES (@OrderID_50, 5, 2, 79.0);

GO